step,update,loss,policy_loss,value_loss,entropy,approx_kl,eval_mean_return,win_rate,draw_rate,loss_rate,mean_len
2560,10,0.18705815076828003,-0.02739587053656578,0.4289080500602722,0.685541033744812,4.656612873077393e-10,-0.1868,0.38165,0.0499,0.56845,1.0
5120,20,0.14620980620384216,-0.05160675197839737,0.39563310146331787,0.6622039079666138,1.979060471057892e-09,-0.1868,0.38165,0.0499,0.56845,1.0
7680,30,0.14582224190235138,-0.08362525701522827,0.4588949978351593,0.6056649684906006,2.444721758365631e-09,-0.1868,0.38165,0.0499,0.56845,1.0
10240,40,0.12716175615787506,-0.1053139716386795,0.46495145559310913,0.5223225355148315,1.1641532182693481e-09,-0.1868,0.38165,0.0499,0.56845,1.0
12800,50,0.1244179755449295,-0.09302489459514618,0.43488574028015137,0.3853926360607147,7.450580596923828e-09,-0.1868,0.38165,0.0499,0.56845,1.0
15360,60,0.1866385042667389,-0.02269618958234787,0.4186694025993347,0.2470667064189911,1.210719347000122e-08,-0.1868,0.38165,0.0499,0.56845,1.0
17920,70,0.18676593899726868,-0.03176582232117653,0.4370635151863098,0.17697086930274963,6.51925802230835e-09,-0.1868,0.38165,0.0499,0.56845,1.0
20480,80,0.13984821736812592,-0.04478241875767708,0.3692612648010254,0.14873671531677246,2.7939677238464355e-09,-0.1868,0.38165,0.0499,0.56845,1.0
23040,90,0.20309685170650482,0.038298774510622025,0.3295961618423462,0.12636634707450867,1.3969838619232178e-09,-0.1868,0.38165,0.0499,0.56845,1.0
25600,100,0.17636454105377197,0.009679151698946953,0.33337077498435974,0.12423839420080185,7.916241884231567e-09,-0.1868,0.38165,0.0499,0.56845,1.0
28160,110,0.16465915739536285,-0.005544571205973625,0.34040746092796326,0.13284702599048615,6.05359673500061e-09,-0.1868,0.38165,0.0499,0.56845,1.0
30720,120,0.24429966509342194,0.051264647394418716,0.38607004284858704,0.15447837114334106,6.984919309616089e-09,-0.1868,0.38165,0.0499,0.56845,1.0
33280,130,0.15956708788871765,-0.006298619322478771,0.3317314088344574,0.17340326309204102,1.3969838619232178e-09,-0.1868,0.38165,0.0499,0.56845,1.0
35840,140,0.0850217193365097,-0.07570205628871918,0.32144755125045776,0.22156965732574463,3.026798367500305e-09,-0.1868,0.38165,0.0499,0.56845,1.0
38400,150,0.2547215521335602,0.07336121052503586,0.36272066831588745,0.2728697657585144,2.3283064365386963e-10,-0.1868,0.38165,0.0499,0.56845,1.0
40960,160,0.13326598703861237,-0.05154305696487427,0.36961808800697327,0.35411491990089417,1.3853423297405243e-08,-0.1868,0.38165,0.0499,0.56845,1.0
43520,170,0.15699347853660583,-0.018055228516459465,0.3500974178314209,0.3498154282569885,1.3969838619232178e-09,-0.1626,0.39115,0.0551,0.55375,1.0544
46080,180,0.11776923388242722,-0.05837029963731766,0.35227906703948975,0.3734530806541443,7.566995918750763e-09,-0.1505,0.39575,0.058,0.54625,1.07505
48640,190,0.15632730722427368,-0.02552618458867073,0.3637069761753082,0.38441532850265503,2.3283064365386963e-10,-0.1432,0.39845,0.0599,0.54165,1.09635
51200,200,0.2288118600845337,0.0480223223567009,0.3615790903568268,0.3535168766975403,3.259629011154175e-09,-0.1415,0.3991,0.0603,0.5406,1.10265
53760,210,0.12018346786499023,-0.056705862283706665,0.3537786602973938,0.4115366041660309,4.656612873077393e-10,-0.1122,0.4093,0.0692,0.5215,1.2167
56320,220,0.13241738080978394,-0.04062427580356598,0.34608331322669983,0.39072898030281067,1.979060471057892e-09,-0.06975,0.42375,0.08275,0.4935,1.36015
58880,230,0.15873515605926514,-0.027674678713083267,0.3728196620941162,0.4048616886138916,5.820766091346741e-09,-0.06115,0.4239,0.09105,0.48505,1.44225
61440,240,0.12694431841373444,-0.039369046688079834,0.33262673020362854,0.3640848994255066,3.725290298461914e-09,-0.0639,0.42345,0.0892,0.48735,1.4164
64000,250,0.07111163437366486,-0.09267385303974152,0.32757097482681274,0.34595030546188354,3.026798367500305e-09,-0.0578,0.42475,0.0927,0.48255,1.47025
66560,260,0.08360876888036728,-0.07339180260896683,0.3140011429786682,0.3135077953338623,1.1408701539039612e-08,-0.0568,0.4244,0.0944,0.4812,1.4891
69120,270,0.15342825651168823,-0.014617647975683212,0.3360918164253235,0.2829287350177765,2.7939677238464355e-09,-0.06135,0.4231,0.09245,0.48445,1.46845
71680,280,0.1314653754234314,-0.03550262004137039,0.3339359760284424,0.2679750621318817,2.3283064365386963e-10,-0.05495,0.4249,0.09525,0.47985,1.5124
74240,290,0.13593408465385437,-0.016849996522068977,0.3055681586265564,0.21431422233581543,1.0244548320770264e-08,-0.0575,0.42035,0.1018,0.47785,1.6058
76800,300,0.11287914216518402,-0.05946383997797966,0.34468597173690796,0.22601696848869324,7.450580596923828e-09,-0.0575,0.42035,0.1018,0.47785,1.6058
79360,310,0.12374736368656158,-0.03865237534046173,0.32479947805404663,0.21656185388565063,6.402842700481415e-09,-0.05065,0.42455,0.10025,0.4752,1.56145
81920,320,0.14789989590644836,-0.015083263628184795,0.32596632838249207,0.23762834072113037,9.313225746154785e-10,-0.0552,0.42405,0.0967,0.47925,1.5183
84480,330,0.09284218400716782,-0.0746895894408226,0.33506354689598083,0.2371234893798828,6.05359673500061e-09,-0.0561,0.42325,0.0974,0.47935,1.52655
87040,340,0.18053339421749115,0.012498321011662483,0.33607015013694763,0.26335588097572327,8.731149137020111e-09,-0.05885,0.42125,0.09865,0.4801,1.5383
89600,350,0.11480115354061127,-0.06474913656711578,0.3591005802154541,0.18466465175151825,6.752088665962219e-09,-0.0546,0.42345,0.0985,0.47805,1.5735
92160,360,0.1134960800409317,-0.060072556138038635,0.3471372723579407,0.16899842023849487,1.7462298274040222e-09,-0.05605,0.422,0.09995,0.47805,1.58015
94720,370,0.11474718898534775,-0.039492033421993256,0.308478444814682,0.1542687714099884,7.2177499532699585e-09,-0.0537,0.42255,0.1012,0.47625,1.58745
97280,380,0.0899004340171814,-0.07414792478084564,0.3280967175960541,0.16098064184188843,5.820766091346741e-09,-0.05355,0.4232,0.10005,0.47675,1.57395
99840,390,0.1228184774518013,-0.03483698517084122,0.31531092524528503,0.15848150849342346,2.3283064365386963e-09,-0.0504,0.42535,0.0989,0.47575,1.55705
102400,400,0.17929792404174805,0.006290281191468239,0.3460152745246887,0.1539136916399002,0.0,-0.05155,0.4249,0.09865,0.47645,1.5493
104960,410,0.1381502002477646,-0.021076802164316177,0.31845399737358093,0.14339399337768555,6.984919309616089e-10,-0.0517,0.4247,0.0989,0.4764,1.5563
107520,420,0.2121790051460266,0.03847923129796982,0.3473995327949524,0.18283836543560028,5.471520125865936e-09,-0.06035,0.422,0.09565,0.48235,1.50225
110080,430,0.11437779664993286,-0.060271646827459335,0.349298894405365,0.17778655886650085,7.799826562404633e-09,-0.0579,0.42305,0.096,0.48095,1.528
112640,440,0.16609913110733032,0.007484283298254013,0.317229688167572,0.1672346293926239,1.979060471057892e-09,-0.05575,0.42355,0.09715,0.4793,1.5571
115200,450,0.11164737492799759,-0.0483274981379509,0.319949746131897,0.12661030888557434,2.6775524020195007e-09,-0.05225,0.42325,0.10125,0.4755,1.587
117760,460,0.1420917510986328,-0.010339835658669472,0.30486318469047546,0.13150939345359802,2.0954757928848267e-09,-0.0568,0.4221,0.099,0.4789,1.57275
120320,470,0.16510120034217834,0.0038437312468886375,0.32251495122909546,0.13698850572109222,8.149072527885437e-10,-0.0546,0.42325,0.0989,0.47785,1.56675
122880,480,0.16803285479545593,-0.011150293983519077,0.35836631059646606,0.15175221860408783,3.4924596548080444e-09,-0.05375,0.42475,0.09675,0.4785,1.5319
125440,490,0.14835262298583984,-0.016665291041135788,0.33003583550453186,0.15374699234962463,6.05359673500061e-09,-0.05235,0.42595,0.09575,0.4783,1.51275
128000,500,0.12505000829696655,-0.04803091287612915,0.3461618423461914,0.15106651186943054,8.149072527885437e-10,-0.05005,0.4287,0.09255,0.47875,1.48805
130560,510,0.1301889419555664,-0.034547045826911926,0.32947197556495667,0.14652809500694275,5.820766091346741e-10,-0.05255,0.42675,0.09395,0.4793,1.50115
133120,520,0.18692336976528168,0.007377710193395615,0.35909131169319153,0.14536996185779572,2.3283064365386963e-10,-0.05465,0.42725,0.09085,0.4819,1.4706
135680,530,0.15979798138141632,-0.015550822950899601,0.3506976068019867,0.15978285670280457,3.259629011154175e-09,-0.0535,0.42735,0.0918,0.48085,1.4742
138240,540,0.1468830108642578,-0.029074998572468758,0.35191601514816284,0.14946475625038147,3.259629011154175e-09,-0.0507,0.4274,0.0945,0.4781,1.52255
140800,550,0.09047945588827133,-0.06852925568819046,0.3180174231529236,0.13671870529651642,6.984919309616089e-10,-0.0529,0.42435,0.0984,0.47725,1.56295
143360,560,0.08587272465229034,-0.061830952763557434,0.29540735483169556,0.13907113671302795,4.656612873077393e-10,-0.05925,0.42115,0.09845,0.4804,1.58665
145920,570,0.1317313015460968,-0.023068992421030998,0.3096005916595459,0.1509711742401123,2.9103830456733704e-09,-0.05215,0.42565,0.09655,0.4778,1.54775
148480,580,0.17704252898693085,0.012210631743073463,0.32966378331184387,0.1444004625082016,7.916241884231567e-09,-0.0538,0.4266,0.093,0.4804,1.52605
151040,590,0.19162829220294952,0.013562921434640884,0.3561307489871979,0.12359948456287384,3.14321368932724e-09,-0.05335,0.4274,0.09185,0.48075,1.52765
153600,600,0.1368567943572998,-0.027713241055607796,0.3291400671005249,0.13847094774246216,1.7462298274040222e-09,-0.05335,0.4274,0.09185,0.48075,1.52765
156160,610,0.18414203822612762,0.00026076100766658783,0.36776256561279297,0.12958623468875885,4.656612873077393e-10,-0.0535,0.427,0.0925,0.4805,1.52345
158720,620,0.13693395256996155,-0.01293427124619484,0.2997364401817322,0.13331490755081177,2.561137080192566e-09,-0.0559,0.42625,0.0916,0.48215,1.53125
161280,630,0.13009780645370483,-0.041690826416015625,0.3435772657394409,0.15561552345752716,1.5133991837501526e-09,-0.0535,0.42745,0.0916,0.48095,1.5081
163840,640,0.18479159474372864,0.006712550297379494,0.3561580777168274,0.12340496480464935,2.7939677238464355e-09,-0.0484,0.4305,0.0906,0.4789,1.4948
166400,650,0.20686307549476624,0.05282219871878624,0.3080817461013794,0.13622701168060303,5.587935447692871e-09,-0.04335,0.43205,0.09255,0.4754,1.4972
168960,660,0.15908101201057434,-0.015737861394882202,0.3496377468109131,0.14152111113071442,1.0593794286251068e-08,-0.04825,0.4296,0.09255,0.47785,1.51425
171520,670,0.19194287061691284,0.007723154500126839,0.3684394359588623,0.134743332862854,3.4924596548080444e-09,-0.05395,0.42645,0.09315,0.4804,1.5475
174080,680,0.12984953820705414,-0.025964925065636635,0.31162893772125244,0.10472281277179718,3.725290298461914e-09,-0.0542,0.42455,0.0967,0.47875,1.5721
176640,690,0.13989844918251038,-0.03797169774770737,0.3557403087615967,0.11231838166713715,1.3969838619232178e-09,-0.0542,0.42455,0.0967,0.47875,1.5721
179200,700,0.1494697630405426,-0.017411358654499054,0.3337622582912445,0.14602692425251007,2.0954757928848267e-09,-0.04805,0.42915,0.09365,0.4772,1.50245
181760,710,0.18155787885189056,0.009067762643098831,0.34498023986816406,0.13799014687538147,1.862645149230957e-09,-0.0469,0.4302,0.0927,0.4771,1.48485
184320,720,0.12697255611419678,-0.0359036885201931,0.32575249671936035,0.11778979003429413,7.334165275096893e-09,-0.04885,0.42905,0.09305,0.4779,1.50295
186880,730,0.12725548446178436,-0.04311411455273628,0.3407391905784607,0.1167057603597641,6.170012056827545e-09,-0.05225,0.4267,0.09435,0.47895,1.5295
189440,740,0.17386296391487122,0.016288993880152702,0.31514793634414673,0.09196034073829651,4.889443516731262e-09,-0.05075,0.42575,0.09775,0.4765,1.56165
192000,750,0.20972475409507751,0.028614316135644913,0.3622208833694458,0.11381904780864716,5.587935447692871e-09,-0.05065,0.4287,0.09195,0.47935,1.5123
194560,760,0.15586517751216888,-0.014050263911485672,0.3398308753967285,0.09493996948003769,5.005858838558197e-09,-0.0485,0.4313,0.0889,0.4798,1.48005
197120,770,0.15160194039344788,-0.019781656563282013,0.3427671790122986,0.13822373747825623,3.026798367500305e-09,-0.0541,0.4289,0.0881,0.483,1.45665
199680,780,0.1312684267759323,-0.04797722026705742,0.35849130153656006,0.1362304985523224,1.1059455573558807e-08,-0.0541,0.4289,0.0881,0.483,1.45665
202240,790,0.15997521579265594,-0.005416577681899071,0.33078357577323914,0.12378416955471039,1.7462298274040222e-09,-0.05375,0.42845,0.08935,0.4822,1.48735
204800,800,0.1580793261528015,-0.021397238597273827,0.3589531183242798,0.0975257158279419,2.444721758365631e-09,-0.05395,0.42755,0.09095,0.4815,1.50695
207360,810,0.1894802749156952,0.032631032168865204,0.3136984705924988,0.12137525528669357,1.979060471057892e-09,-0.05365,0.42695,0.09245,0.4806,1.532
209920,820,0.17087626457214355,0.007285120896995068,0.3271822929382324,0.09202642738819122,5.587935447692871e-09,-0.05375,0.42845,0.08935,0.4822,1.48735
212480,830,0.17689324915409088,0.022273734211921692,0.3092390298843384,0.12513142824172974,6.984919309616089e-10,-0.0602,0.42535,0.0891,0.48555,1.4706
215040,840,0.17530755698680878,0.018301378935575485,0.314012348651886,0.10098686069250107,9.313225746154785e-10,-0.0602,0.42535,0.0891,0.48555,1.4706
217600,850,0.16316457092761993,-0.007678912952542305,0.3416869640350342,0.11339176446199417,4.656612873077393e-10,-0.05685,0.427,0.08915,0.48385,1.4783
220160,860,0.2262130081653595,0.04661804437637329,0.3591899275779724,0.08167027682065964,5.820766091346741e-10,-0.05975,0.4255,0.08925,0.48525,1.4612
222720,870,0.19945073127746582,0.014695760793983936,0.3695099353790283,0.09209056943655014,1.1641532182693481e-09,-0.05925,0.4263,0.08815,0.48555,1.4628
225280,880,0.14763081073760986,-0.01736714318394661,0.32999590039253235,0.1023092269897461,6.984919309616089e-10,-0.0598,0.42545,0.0893,0.48525,1.45935
227840,890,0.19019316136837006,0.0280501339584589,0.3242860436439514,0.08567950129508972,9.313225746154785e-10,-0.0652,0.42375,0.0873,0.48895,1.4387
230400,900,0.1317988485097885,-0.031119059771299362,0.32583582401275635,0.12214585393667221,4.6566128730773926e-09,-0.0644,0.42405,0.0875,0.48845,1.4371
232960,910,0.11747680604457855,-0.03562326729297638,0.30620014667510986,0.08723708987236023,2.3283064365386963e-09,-0.0646,0.4245,0.0864,0.4891,1.43305
235520,920,0.1459050178527832,-0.0197053924202919,0.331220805644989,0.07473821938037872,8.149072527885437e-10,-0.06115,0.42595,0.08695,0.4871,1.4351
238080,930,0.1517089605331421,-0.015503134578466415,0.3344241976737976,0.07739584147930145,5.3551048040390015e-09,-0.0583,0.4275,0.0867,0.4858,1.4367
240640,940,0.18260224163532257,0.005225733853876591,0.3547530174255371,0.08947940915822983,6.05359673500061e-09,-0.06195,0.4253,0.08745,0.48725,1.4432
243200,950,0.1396154910326004,-0.023089926689863205,0.3254108428955078,0.09425928443670273,7.799826562404633e-09,-0.0554,0.42735,0.0899,0.48275,1.4694
245760,960,0.15682794153690338,-0.01794365420937538,0.34954318404197693,0.08101337403059006,2.444721758365631e-09,-0.0541,0.4276,0.0907,0.4817,1.474
248320,970,0.16246840357780457,0.010198958218097687,0.30453890562057495,0.08019797503948212,1.6298145055770874e-09,-0.0509,0.4289,0.0913,0.4798,1.47885
250880,980,0.2140769511461258,0.0478716604411602,0.3324105739593506,0.0932801216840744,7.799826562404633e-09,-0.0509,0.4289,0.0913,0.4798,1.47885
253440,990,0.2013886272907257,0.022244447842240334,0.35828834772109985,0.12202733755111694,1.979060471057892e-09,-0.05435,0.42685,0.09195,0.4812,1.5321
256000,1000,0.15794473886489868,-0.0006187222898006439,0.31712692975997925,0.1220368891954422,2.0954757928848267e-09,-0.0524,0.4251,0.0974,0.4775,1.5993
258560,1010,0.1465461701154709,-0.022438284009695053,0.3379689157009125,0.12125161290168762,8.149072527885437e-10,-0.0509,0.426,0.0971,0.4769,1.6147
261120,1020,0.17110809683799744,0.012455331161618233,0.3173055350780487,0.08141807466745377,2.561137080192566e-09,-0.05115,0.42555,0.09775,0.4767,1.6113
263680,1030,0.09126171469688416,-0.0808543860912323,0.3442322015762329,0.08877377212047577,5.471520125865936e-09,-0.05285,0.4249,0.09735,0.47775,1.60705
266240,1040,0.1421748399734497,-0.011107254773378372,0.30656418204307556,0.08327117562294006,2.0954757928848267e-09,-0.05475,0.4239,0.09745,0.47865,1.59255
268800,1050,0.14591780304908752,-0.010033810511231422,0.3119032382965088,0.10802615433931351,2.3283064365386963e-10,-0.05475,0.4239,0.09745,0.47865,1.59255
271360,1060,0.15418384969234467,-0.012097877450287342,0.33256345987319946,0.09083183109760284,5.471520125865936e-09,-0.053,0.4243,0.0984,0.4773,1.59975
273920,1070,0.1304597109556198,-0.022098317742347717,0.30511605739593506,0.07755104452371597,7.101334631443024e-09,-0.053,0.4243,0.0984,0.4773,1.59975
276480,1080,0.15278422832489014,-0.011736740358173847,0.3290419280529022,0.08834906667470932,3.3760443329811096e-09,-0.053,0.4243,0.0984,0.4773,1.59975
279040,1090,0.16196951270103455,0.007476979400962591,0.30898505449295044,0.0911598801612854,3.4924596548080444e-09,-0.053,0.4243,0.0984,0.4773,1.59975
281600,1100,0.23251734673976898,0.0660068541765213,0.33302098512649536,0.09382014721632004,9.313225746154785e-10,-0.053,0.4243,0.0984,0.4773,1.59975
284160,1110,0.18596339225769043,0.013400883413851261,0.3451250195503235,0.09468629956245422,2.0954757928848267e-09,-0.0548,0.42395,0.0973,0.47875,1.5846
286720,1120,0.1453876793384552,-0.02253790944814682,0.33585119247436523,0.07638868689537048,2.2118911147117615e-09,-0.05715,0.4217,0.09945,0.47885,1.5724
289280,1130,0.1771928369998932,0.020674536004662514,0.31303659081459045,0.07656470686197281,1.862645149230957e-09,-0.0522,0.4244,0.099,0.4766,1.56035
291840,1140,0.18826502561569214,0.019467778503894806,0.33759450912475586,0.07917138934135437,7.101334631443024e-09,-0.05315,0.4239,0.09905,0.47705,1.55905
294400,1150,0.18719787895679474,0.025845248252153397,0.3227052688598633,0.0659874901175499,5.587935447692871e-09,-0.0532,0.4237,0.0994,0.4769,1.5579
296960,1160,0.21633461117744446,0.03787418454885483,0.35692086815834045,0.04594971612095833,3.3760443329811096e-09,-0.0532,0.4237,0.0994,0.4769,1.5579
299520,1170,0.17776845395565033,0.0032508159056305885,0.34903526306152344,0.054268620908260345,3.4924596548080444e-10,-0.0524,0.42415,0.0993,0.47655,1.55925
302080,1180,0.19232742488384247,0.021618669852614403,0.341417521238327,0.04520995542407036,1.862645149230957e-09,-0.05235,0.42435,0.09895,0.4767,1.56115
304640,1190,0.15174409747123718,-0.013593178242444992,0.33067455887794495,0.03789767250418663,9.313225746154785e-10,-0.05235,0.42435,0.09895,0.4767,1.56115
307200,1200,0.15602287650108337,0.00212701503187418,0.30779170989990234,0.05032078176736832,1.3969838619232178e-09,-0.0524,0.42415,0.0993,0.47655,1.55925
309760,1210,0.16270475089550018,-0.0034530647099018097,0.3323156237602234,0.038516636937856674,9.313225746154785e-10,-0.0524,0.42415,0.0993,0.47655,1.55925
312320,1220,0.15048658847808838,-0.01741817593574524,0.33580952882766724,0.03211509808897972,1.6298145055770874e-09,-0.0541,0.42335,0.0992,0.47745,1.56065
314880,1230,0.14020732045173645,-0.023523744195699692,0.3274621367454529,0.04057469218969345,9.313225746154785e-10,-0.05395,0.4234,0.09925,0.47735,1.55985
317440,1240,0.18848443031311035,0.022579077631235123,0.33181071281433105,0.024934282526373863,4.190951585769653e-09,-0.0524,0.42415,0.0993,0.47655,1.55925
320000,1250,0.16449828445911407,-0.004189427942037582,0.3373754322528839,0.036770354956388474,3.259629011154175e-09,-0.05235,0.42435,0.09895,0.4767,1.56115
322560,1260,0.12861986458301544,-0.0362686961889267,0.3297771215438843,0.036618784070014954,1.0943040251731873e-08,-0.05255,0.4241,0.09925,0.47665,1.56
325120,1270,0.1906173676252365,0.021391630172729492,0.33845147490501404,0.03405379131436348,1.979060471057892e-09,-0.05185,0.42395,0.10025,0.4758,1.55835
327680,1280,0.18247729539871216,0.00903310813009739,0.34688836336135864,0.05633322149515152,1.280568540096283e-09,-0.0526,0.4237,0.1,0.4763,1.5577
330240,1290,0.1739569902420044,0.018071074038743973,0.31177183985710144,0.030838698148727417,3.259629011154175e-09,-0.0542,0.42295,0.0999,0.47715,1.5583
332800,1300,0.14546085894107819,-0.013671868480741978,0.31826546788215637,0.03371083736419678,1.6298145055770874e-09,-0.0541,0.42335,0.0992,0.47745,1.56065
335360,1310,0.22452515363693237,0.05703186243772507,0.3349865674972534,0.04202953353524208,2.3283064365386963e-10,-0.0541,0.42335,0.0992,0.47745,1.56065
337920,1320,0.17298194766044617,0.017239727079868317,0.3114844560623169,0.051933951675891876,5.471520125865936e-09,-0.0541,0.42335,0.0992,0.47745,1.56065
340480,1330,0.18230405449867249,0.00650883000344038,0.35159045457839966,0.057174958288669586,2.0954757928848267e-09,-0.05315,0.4234,0.10005,0.47655,1.55605
343040,1340,0.15735317766666412,-0.009322624653577805,0.33335161209106445,0.05542321875691414,2.3283064365386963e-10,-0.0508,0.42435,0.1005,0.47515,1.552
345600,1350,0.188379168510437,0.004906320013105869,0.36694568395614624,0.050799429416656494,3.6088749766349792e-09,-0.05315,0.4234,0.10005,0.47655,1.55605
348160,1360,0.14727984368801117,-0.01819782517850399,0.3309553265571594,0.026681335642933846,5.3551048040390015e-09,-0.0548,0.42295,0.0993,0.47775,1.55855
350720,1370,0.15229526162147522,-0.019440794363617897,0.34347212314605713,0.02818111889064312,9.313225746154785e-10,-0.05395,0.4234,0.09925,0.47735,1.55985
353280,1380,0.1535387933254242,-0.007758707739412785,0.3225950002670288,0.03942103683948517,0.0,-0.0541,0.42335,0.0992,0.47745,1.56
355840,1390,0.1541443020105362,-0.02233809605240822,0.3529647886753082,0.04672308266162872,1.6298145055770874e-09,-0.05495,0.4229,0.09925,0.47785,1.5587
358400,1400,0.1676524430513382,0.006614422891288996,0.32207605242729187,0.033055130392313004,4.190951585769653e-09,-0.05335,0.42365,0.09935,0.477,1.55805
360960,1410,0.15569455921649933,-0.006541403476148844,0.32447192072868347,0.0336289256811142,1.862645149230957e-09,-0.05335,0.42365,0.09935,0.477,1.55805
363520,1420,0.13909341394901276,-0.00516530079767108,0.28851741552352905,0.02741987630724907,2.0954757928848267e-09,-0.05335,0.42365,0.09935,0.477,1.55805
366080,1430,0.17295080423355103,0.005211784038692713,0.3354780375957489,0.026488952338695526,0.0,-0.05495,0.4229,0.09925,0.47785,1.5587
368640,1440,0.16318351030349731,0.009319640696048737,0.30772775411605835,0.021592725068330765,4.6566128730773926e-09,-0.05335,0.42365,0.09935,0.477,1.55805
371200,1450,0.142900288105011,-0.018690062686800957,0.3231807053089142,0.02030298300087452,6.984919309616089e-10,-0.05335,0.42365,0.09935,0.477,1.55805
373760,1460,0.13373848795890808,-0.02543925866484642,0.3183555006980896,0.018805332481861115,5.122274160385132e-09,-0.05335,0.42365,0.09935,0.477,1.55805
376320,1470,0.1348939836025238,-0.023944949731230736,0.3176778554916382,0.022375699132680893,5.3551048040390015e-09,-0.05335,0.42365,0.09935,0.477,1.55805
378880,1480,0.16893509030342102,-0.0053303730674088,0.34853091835975647,0.019624728709459305,1.3969838619232178e-09,-0.05335,0.42365,0.09935,0.477,1.55805
381440,1490,0.1513720154762268,-0.0010205202270299196,0.3047850728034973,0.01626778021454811,4.656612873077393e-10,-0.05335,0.42365,0.09935,0.477,1.55805
384000,1500,0.15888088941574097,-0.018376104533672333,0.3545140027999878,0.01682307757437229,9.313225746154785e-10,-0.05495,0.4229,0.09925,0.47785,1.5587
386560,1510,0.16131609678268433,-0.012754333205521107,0.3481408655643463,0.015952538698911667,0.0,-0.05495,0.4229,0.09925,0.47785,1.5587
389120,1520,0.21600855886936188,0.029774826020002365,0.3724674582481384,0.01653483882546425,1.1641532182693481e-09,-0.05335,0.42365,0.09935,0.477,1.55805
391680,1530,0.15240520238876343,-0.01432662084698677,0.3334636390209198,0.01491622719913721,5.122274160385132e-09,-0.05335,0.42365,0.09935,0.477,1.55805
394240,1540,0.15800118446350098,-0.009082553908228874,0.33416748046875,0.014523912221193314,1.862645149230957e-09,-0.05335,0.42365,0.09935,0.477,1.55805
396800,1550,0.16562965512275696,0.0010546959238126874,0.32914993166923523,0.015372042544186115,2.3283064365386963e-09,-0.05335,0.42365,0.09935,0.477,1.55805
399360,1560,0.1641680747270584,-0.0031554328743368387,0.3346470296382904,0.02188306860625744,9.313225746154785e-10,-0.05515,0.42305,0.09875,0.4782,1.56095
401920,1570,0.1331881284713745,-0.015282191336154938,0.2969406247138977,0.02628878876566887,2.3283064365386963e-09,-0.0535,0.42395,0.0986,0.47745,1.56305
404480,1580,0.17151819169521332,0.016408773139119148,0.31021884083747864,0.04059446603059769,2.3283064365386963e-10,-0.0542,0.42335,0.0991,0.47755,1.56915
407040,1590,0.16696813702583313,-0.0016542916418984532,0.3372448682785034,0.0315326564013958,8.149072527885437e-10,-0.05335,0.42355,0.09955,0.4769,1.57695
409600,1600,0.13895107805728912,-0.018315007910132408,0.31453216075897217,0.04730398580431938,9.313225746154785e-10,-0.05335,0.42355,0.09955,0.4769,1.57695
412160,1610,0.16885806620121002,0.01706680655479431,0.3035825192928314,0.03763175755739212,3.4924596548080444e-09,-0.05335,0.42355,0.09955,0.4769,1.57695
414720,1620,0.16576601564884186,0.00904338713735342,0.3134452700614929,0.028634678572416306,9.313225746154785e-10,-0.0533,0.4244,0.0979,0.4777,1.56915
417280,1630,0.19151723384857178,0.035368651151657104,0.31229716539382935,0.03810431808233261,4.190951585769653e-09,-0.055,0.42335,0.0983,0.47835,1.5635
419840,1640,0.16255642473697662,-0.014149370603263378,0.35341158509254456,0.016069747507572174,2.7939677238464355e-09,-0.0526,0.42435,0.0987,0.47695,1.56145
422400,1650,0.1563984602689743,-0.008904466405510902,0.3306058645248413,0.023688383400440216,2.444721758365631e-09,-0.0527,0.42405,0.0992,0.47675,1.56015
424960,1660,0.15700803697109222,-0.005404575262218714,0.3248252272605896,0.017252124845981598,9.313225746154785e-10,-0.0535,0.42395,0.0986,0.47745,1.56305
427520,1670,0.18932406604290009,0.014920550398528576,0.34880703687667847,0.012443074025213718,9.313225746154785e-10,-0.0534,0.42375,0.0991,0.47715,1.56165
430080,1680,0.15751108527183533,-0.006497460417449474,0.32801708579063416,0.019233763217926025,0.0,-0.0534,0.42375,0.0991,0.47715,1.56165
432640,1690,0.15380769968032837,-0.019712716341018677,0.3470408320426941,0.021011270582675934,0.0,-0.0543,0.42325,0.0992,0.47755,1.56035
435200,1700,0.15168972313404083,-0.00032382161589339375,0.30402708053588867,0.013597765937447548,9.313225746154785e-10,-0.0543,0.42325,0.0992,0.47755,1.56035
437760,1710,0.14131461083889008,-0.001042859978042543,0.284714937210083,0.02009686455130577,6.05359673500061e-09,-0.0535,0.4236,0.0993,0.4771,1.55885
440320,1720,0.1670825332403183,-0.013936379924416542,0.3620378375053406,0.021667152643203735,3.725290298461914e-09,-0.05335,0.42365,0.09935,0.477,1.55805
442880,1730,0.1609778255224228,-0.004276576451957226,0.3305087983608246,0.023122403770685196,2.3283064365386963e-10,-0.05335,0.42365,0.09935,0.477,1.55805
445440,1740,0.14253491163253784,-0.009970314800739288,0.30501043796539307,0.04112972319126129,1.3969838619232178e-09,-0.05335,0.42365,0.09935,0.477,1.55805
448000,1750,0.14739063382148743,-0.0005779933417215943,0.2959372401237488,0.049982331693172455,8.149072527885437e-09,-0.0499,0.42795,0.0942,0.47785,1.53565
450560,1760,0.1453072428703308,-0.019770678132772446,0.3301558494567871,0.04971984401345253,2.9103830456733704e-09,-0.0509,0.4276,0.0939,0.4785,1.53915
453120,1770,0.1620616465806961,0.0081322081387043,0.3078588843345642,0.043338581919670105,2.7939677238464355e-09,-0.04965,0.4278,0.09475,0.47745,1.5424
455680,1780,0.19061315059661865,0.01839035376906395,0.3444455862045288,0.04108164459466934,3.958120942115784e-09,-0.04965,0.4278,0.09475,0.47745,1.5424
458240,1790,0.17774827778339386,-0.0011521793203428388,0.3578009009361267,0.04102041572332382,2.3283064365386963e-10,-0.0509,0.4276,0.0939,0.4785,1.53915
460800,1800,0.15623895823955536,-0.011256596073508263,0.33499109745025635,0.04673364758491516,1.862645149230957e-09,-0.0509,0.4276,0.0939,0.4785,1.53915
463360,1810,0.16638784110546112,0.010810920968651772,0.3111538290977478,0.0347021147608757,6.51925802230835e-09,-0.0509,0.4276,0.0939,0.4785,1.53915
465920,1820,0.1748797446489334,-0.0001744149485602975,0.3501083254814148,0.042702339589595795,7.683411240577698e-09,-0.0499,0.42835,0.0934,0.47825,1.54155
468480,1830,0.15155135095119476,-0.005769147537648678,0.31464099884033203,0.03945646807551384,1.1641532182693481e-09,-0.0499,0.42835,0.0934,0.47825,1.54155
471040,1840,0.14138874411582947,-0.0047193169593811035,0.29221612215042114,0.035706862807273865,4.889443516731262e-09,-0.0499,0.42835,0.0934,0.47825,1.54155
473600,1850,0.12367688864469528,-0.04303470999002457,0.3334231972694397,0.02859215810894966,4.656612873077393e-10,-0.0499,0.42835,0.0934,0.47825,1.54155
476160,1860,0.16368722915649414,-0.008070278912782669,0.343515008687973,0.025623351335525513,4.656612873077393e-10,-0.0505,0.42805,0.0934,0.47855,1.54195
478720,1870,0.20634961128234863,0.028610415756702423,0.3554784059524536,0.031543247401714325,5.005858838558197e-09,-0.0505,0.42805,0.0934,0.47855,1.54195
481280,1880,0.12849153578281403,-0.00966009870171547,0.2763032615184784,0.03367946296930313,1.1641532182693481e-09,-0.0509,0.4276,0.0939,0.4785,1.53915
483840,1890,0.14539118111133575,-0.008094090968370438,0.3069705367088318,0.031452029943466187,9.313225746154785e-10,-0.0509,0.4276,0.0939,0.4785,1.53915
486400,1900,0.16325584053993225,-0.011396732181310654,0.3493051528930664,0.03498192876577377,4.6566128730773926e-09,-0.0499,0.42795,0.0942,0.47785,1.53565
488960,1910,0.21231698989868164,0.04327244311571121,0.33808907866477966,0.031169338151812553,8.032657206058502e-09,-0.0505,0.42805,0.0934,0.47855,1.54195
491520,1920,0.2129201889038086,0.0396728590130806,0.3464946746826172,0.028551606461405754,1.1641532182693481e-09,-0.0499,0.42795,0.0942,0.47785,1.53565
494080,1930,0.18985415995121002,0.014377553015947342,0.35095322132110596,0.040110789239406586,4.540197551250458e-09,-0.0499,0.42795,0.0942,0.47785,1.53565
496640,1940,0.15143491327762604,-0.00949353538453579,0.32185688614845276,0.04134317487478256,8.149072527885437e-10,-0.04825,0.42905,0.09365,0.4773,1.53195
499200,1950,0.14367800951004028,-0.003870673943310976,0.29509738087654114,0.03077668324112892,1.6298145055770874e-09,-0.04825,0.42905,0.09365,0.4773,1.53195
499968,1953,0.17856180667877197,-0.00019029510440304875,0.3575041890144348,0.023840060457587242,4.656612873077393e-10,-0.04825,0.42905,0.09365,0.4773,1.53195
